symbol,tf,macd,adx_thr,vol_lb,tgt_vol,IS_Sharpe,IS_MaxDD,IS_Trades,OOS_Sharpe,OOS_MaxDD,OOS_Trades
BTC-USD,1h,8/24/9,20,20,0.015,0.0,-10.454098386015275,661,2.0471163930376974,-2.302822055651599,260
BTC-USD,1h,8/24/9,20,20,0.02,0.0,-10.348604840433717,661,2.0471163930376974,-2.302822055651599,260
BTC-USD,1h,8/24/9,20,30,0.015,0.0,-10.369744272967218,661,2.0471163930376974,-2.302822055651599,260
BTC-USD,1h,8/24/9,20,30,0.02,0.0,-10.291925342866104,661,2.0471163930376974,-2.302822055651599,260
BTC-USD,1h,8/24/9,25,20,0.015,0.0,-14.803338998133198,523,0.0,-3.363818564157528,178
BTC-USD,1h,8/24/9,25,20,0.02,0.0,-14.532293447825973,523,0.0,-3.363818564157528,178
BTC-USD,1h,8/24/9,25,30,0.015,0.0,-14.677640403884451,523,0.0,-3.363818564157528,178
BTC-USD,1h,8/24/9,25,30,0.02,0.0,-14.530207467706301,523,0.0,-3.363818564157528,178
BTC-USD,1h,8/24/9,30,20,0.015,0.0,-8.7105371895275,366,1.2165257514827832,-2.8450292410361455,127
BTC-USD,1h,8/24/9,30,20,0.02,0.0,-8.349906943418839,366,1.2376543083602327,-2.8429611391154186,127
BTC-USD,1h,8/24/9,30,30,0.015,0.0,-8.46272563785202,366,1.2376543083602327,-2.8429611391154186,127
BTC-USD,1h,8/24/9,30,30,0.02,0.0,-8.289651228405326,366,1.2376543083602327,-2.8429611391154186,127
BTC-USD,1h,8/26/9,20,20,0.015,0.0,-11.382346003979404,661,1.7186418047233694,-2.0755552965408763,257
BTC-USD,1h,8/26/9,20,20,0.02,0.0,-11.335668633600982,661,1.7186418047233694,-2.0755552965408763,257
BTC-USD,1h,8/26/9,20,30,0.015,0.0,-11.332321128235801,661,1.7186418047233694,-2.0755552965408763,257
BTC-USD,1h,8/26/9,20,30,0.02,0.0,-11.328478160869636,661,1.7186418047233694,-2.0755552965408763,257
BTC-USD,1h,8/26/9,25,20,0.015,0.0,-15.70271029272341,521,0.0,-3.6370210741278886,179
BTC-USD,1h,8/26/9,25,20,0.02,0.0,-15.28910540056243,521,0.0,-3.6370210741278886,179
BTC-USD,1h,8/26/9,25,30,0.015,0.0,-15.373376373447744,521,0.0,-3.6370210741278886,179
BTC-USD,1h,8/26/9,25,30,0.02,0.0,-15.247699179494267,521,0.0,-3.6370210741278886,179
BTC-USD,1h,8/26/9,30,20,0.015,0.0,-9.708240560381064,367,0.9979260147169065,-2.9999317388745284,131
BTC-USD,1h,8/26/9,30,20,0.02,0.0,-9.232296270757534,367,1.0135058223007416,-2.998605258078524,131
BTC-USD,1h,8/26/9,30,30,0.015,0.0,-9.330319038201607,367,1.0135058223007416,-2.998605258078524,131
BTC-USD,1h,8/26/9,30,30,0.02,0.0,-9.165949438896082,367,1.0135058223007416,-2.998605258078524,131
BTC-USD,1h,12/24/9,20,20,0.015,0.0,-16.780900337675252,565,1.1031033924457767,-2.2251569670545424,233
BTC-USD,1h,12/24/9,20,20,0.02,0.0,-16.670108399714568,565,1.1031033924457767,-2.2251569670545424,233
BTC-USD,1h,12/24/9,20,30,0.015,0.0,-16.714010796906777,565,1.1031033924457767,-2.2251569670545424,233
BTC-USD,1h,12/24/9,20,30,0.02,0.0,-16.61229528776056,565,1.1031033924457767,-2.2251569670545424,233
BTC-USD,1h,12/24/9,25,20,0.015,0.0,-16.9379753088148,448,0.0,-4.39133166955139,168
BTC-USD,1h,12/24/9,25,20,0.02,0.0,-16.6946091274072,448,0.0,-4.39133166955139,168
BTC-USD,1h,12/24/9,25,30,0.015,0.0,-16.82790510761112,448,0.0,-4.39133166955139,168
BTC-USD,1h,12/24/9,25,30,0.02,0.0,-16.6946091274072,448,0.0,-4.39133166955139,168
BTC-USD,1h,12/24/9,30,20,0.015,0.0,-11.548284148481214,326,0.939539274965167,-2.9496677631242862,120
BTC-USD,1h,12/24/9,30,20,0.02,0.0,-11.18233161101665,326,0.939539274965167,-2.9496677631242862,120
BTC-USD,1h,12/24/9,30,30,0.015,0.0,-11.31438970893871,326,0.939539274965167,-2.9496677631242862,120
BTC-USD,1h,12/24/9,30,30,0.02,0.0,-11.114661003145143,326,0.939539274965167,-2.9496677631242862,120
BTC-USD,1h,12/26/9,20,20,0.015,0.0,-17.374008958454812,548,0.9985335308895579,-2.1545782575819294,231
BTC-USD,1h,12/26/9,20,20,0.02,0.0,-17.221242081090416,548,0.9985335308895579,-2.1545782575819294,231
BTC-USD,1h,12/26/9,20,30,0.015,0.0,-17.314421669576795,548,0.9985335308895579,-2.1545782575819294,231
BTC-USD,1h,12/26/9,20,30,0.02,0.0,-17.15383973939253,548,0.9985335308895579,-2.1545782575819294,231
BTC-USD,1h,12/26/9,25,20,0.015,0.0,-16.37902532562422,434,0.0,-4.549626778225857,165
BTC-USD,1h,12/26/9,25,20,0.02,0.0,-16.063705862349543,434,0.0,-4.549626778225857,165
BTC-USD,1h,12/26/9,25,30,0.015,0.0,-16.178390153491375,434,0.0,-4.549626778225857,165
BTC-USD,1h,12/26/9,25,30,0.02,0.0,-16.015441037518173,434,0.0,-4.549626778225857,165
BTC-USD,1h,12/26/9,30,20,0.015,0.0,-12.11943473476078,317,0.8601419174957278,-2.9705031788366476,119
BTC-USD,1h,12/26/9,30,20,0.02,0.0,-11.730556035101113,317,0.8601419174957278,-2.9705031788366476,119
BTC-USD,1h,12/26/9,30,30,0.015,0.0,-11.88745137197893,317,0.8601419174957278,-2.9705031788366476,119
BTC-USD,1h,12/26/9,30,30,0.02,0.0,-11.667811827366847,317,0.8601419174957278,-2.9705031788366476,119
BTC-USD,4h,8/24/9,20,20,0.015,0.0,-7.537475024569185,188,0.0,-2.957642140492489,62
BTC-USD,4h,8/24/9,20,20,0.02,0.0,-7.953000261513221,188,0.0,-2.961578074930582,62
BTC-USD,4h,8/24/9,20,30,0.015,0.0,-7.7129684684633215,188,0.0,-2.952645040047819,62
BTC-USD,4h,8/24/9,20,30,0.02,0.0,-8.035216739797612,188,0.0,-2.964010120757632,62
BTC-USD,4h,8/24/9,25,20,0.015,0.0,-8.849961698611953,125,0.0,-2.4584629449825424,41
BTC-USD,4h,8/24/9,25,20,0.02,0.0,-9.14867404893448,125,0.0,-2.5950512079992882,41
BTC-USD,4h,8/24/9,25,30,0.015,0.0,-8.972199974114304,125,0.0,-2.596253488856537,41
BTC-USD,4h,8/24/9,25,30,0.02,0.0,-9.240582733242253,125,0.0,-2.593766903887751,41
BTC-USD,4h,8/24/9,30,20,0.015,0.0,-10.339629724175904,85,0.6328895316729506,-2.2997031746875063,26
BTC-USD,4h,8/24/9,30,20,0.02,0.0,-10.36155619722151,85,0.5065348938738878,-2.413009737093763,26
BTC-USD,4h,8/24/9,30,30,0.015,0.0,-10.299465389297724,85,0.5437012762532941,-2.343308608312522,26
BTC-USD,4h,8/24/9,30,30,0.02,0.0,-10.452862995645907,85,0.485144119453351,-2.440835200406255,26
BTC-USD,4h,8/26/9,20,20,0.015,0.0,-6.761880517515317,186,0.0,-3.8859090728578516,58
BTC-USD,4h,8/26/9,20,20,0.02,0.0,-7.205831593768153,186,0.0,-3.9215858308750295,58
BTC-USD,4h,8/26/9,20,30,0.015,0.0,-6.892718772584583,186,0.0,-3.7658965810434264,58
BTC-USD,4h,8/26/9,20,30,0.02,0.0,-7.275904726152604,186,0.0,-3.937407055312525,58
BTC-USD,4h,8/26/9,25,20,0.015,0.0,-8.808925157583625,123,0.20218019998163564,-2.590526895633627,37
BTC-USD,4h,8/26/9,25,20,0.02,0.0,-9.129715236692649,123,0.18853980767862652,-2.590790653957886,37
BTC-USD,4h,8/26/9,25,30,0.015,0.0,-8.929449425702218,123,0.13991911853653766,-2.5942323189680705,37
BTC-USD,4h,8/26/9,25,30,0.02,0.0,-9.242527771642806,123,0.19204460094562642,-2.5904005421013676,37
BTC-USD,4h,8/26/9,30,20,0.015,0.0,-10.129297320857356,83,0.7688450795788527,-2.1366591896875065,22
BTC-USD,4h,8/26/9,30,20,0.02,0.0,-10.148817546694621,83,0.6193884457138107,-2.2475425170312535,22
BTC-USD,4h,8/26/9,30,30,0.015,0.0,-10.141002528214472,83,0.7045611341155616,-2.248235983937519,22
BTC-USD,4h,8/26/9,30,30,0.02,0.0,-10.226757188455672,83,0.5955507336410149,-2.2753679803437454,22
BTC-USD,4h,12/24/9,20,20,0.015,0.0,-8.077335977020095,164,0.0,-4.5591831054739735,57
BTC-USD,4h,12/24/9,20,20,0.02,0.0,-8.573600215636946,164,0.0,-4.839326216344675,57
BTC-USD,4h,12/24/9,20,30,0.015,0.0,-8.22330401309972,164,0.0,-4.36888593840199,57
BTC-USD,4h,12/24/9,20,30,0.02,0.0,-8.633933489880185,164,0.0,-4.893357854487879,57
BTC-USD,4h,12/24/9,25,20,0.015,0.0,-10.337155296994027,111,0.006550725090349048,-2.7503985744489423,36
BTC-USD,4h,12/24/9,25,20,0.02,0.0,-10.63369177632657,111,0.01133175067389797,-2.750046191512645,36
BTC-USD,4h,12/24/9,25,30,0.015,0.0,-10.53214675396702,111,0.0,-2.805522372682301,36
BTC-USD,4h,12/24/9,25,30,0.02,0.0,-10.720101479686816,111,0.01133175067389797,-2.750046191512645,36
BTC-USD,4h,12/24/9,30,20,0.015,0.0,-11.554228216925688,83,0.9208736296168673,-1.99239625744142,21
BTC-USD,4h,12/24/9,30,20,0.02,0.0,-11.599073647184998,83,0.7899142622913502,-2.0999952576408742,21
BTC-USD,4h,12/24/9,30,30,0.015,0.0,-11.54288461285139,83,0.8490274043568266,-1.9946973796172607,21
BTC-USD,4h,12/24/9,30,30,0.02,0.0,-11.66808575221836,83,0.7899142622913502,-2.0999952576408742,21
BTC-USD,4h,12/26/9,20,20,0.015,0.0,-9.535403929675967,156,0.0,-4.7326316267780495,55
BTC-USD,4h,12/26/9,20,20,0.02,0.0,-10.03393611147041,156,0.0,-4.939675060426829,55
BTC-USD,4h,12/26/9,20,30,0.015,0.0,-9.745558836518153,156,0.0,-4.639590242068858,55
BTC-USD,4h,12/26/9,20,30,0.02,0.0,-10.15682524725172,156,0.0,-4.976238055409421,55
BTC-USD,4h,12/26/9,25,20,0.015,0.0,-10.430989557068282,108,1.2161084318504605,-2.1983549589942197,34
BTC-USD,4h,12/26/9,25,20,0.02,0.0,-10.72047073538458,108,1.1974980868415648,-2.195361121332595,34
BTC-USD,4h,12/26/9,25,30,0.015,0.0,-10.605671702583797,108,1.2093973063061654,-2.197875534536553,34
BTC-USD,4h,12/26/9,25,30,0.02,0.0,-10.807977449060925,108,1.1974980868415648,-2.195361121332595,34
BTC-USD,4h,12/26/9,30,20,0.015,0.0,-11.774250709115375,80,1.1953356632921353,-2.127716367969057,21
BTC-USD,4h,12/26/9,30,20,0.02,0.0,-11.835801385915545,80,1.0892864111706224,-2.1680897487982187,21
BTC-USD,4h,12/26/9,30,30,0.015,0.0,-11.779545188152795,80,1.1544190010530782,-2.127942677954364,21
BTC-USD,4h,12/26/9,30,30,0.02,0.0,-11.904895981948815,80,1.0892864111706224,-2.1680897487982187,21
ETH-USD,1h,8/24/9,20,20,0.015,0.0,-7.3473370032873575,688,0.9560638803173611,-6.357401145962893,289
ETH-USD,1h,8/24/9,20,20,0.02,0.0,-7.446771758859761,688,1.064654672689282,-6.38902931366877,289
ETH-USD,1h,8/24/9,20,30,0.015,0.0,-7.429731611320967,688,1.059137252937029,-6.384261194437036,289
ETH-USD,1h,8/24/9,20,30,0.02,0.0,-7.4446843621139625,688,1.1260164273150168,-6.388732834014677,289
ETH-USD,1h,8/24/9,25,20,0.015,0.3756199536621773,-8.617894703797269,502,1.145211989791984,-7.617327067460122,193
ETH-USD,1h,8/24/9,25,20,0.02,0.40712578101604724,-8.614203143257793,502,1.206973882044204,-7.642115416907935,193
ETH-USD,1h,8/24/9,25,30,0.015,0.3907921838502371,-8.617600673094971,502,1.1837945629791886,-7.645978582140945,193
ETH-USD,1h,8/24/9,25,30,0.02,0.41896538037235115,-8.615646791708409,502,1.237847587596582,-7.649365387585016,193
ETH-USD,1h,8/24/9,30,20,0.015,0.0,-8.235530647515132,375,1.6345848428574015,-4.298346291596145,130
ETH-USD,1h,8/24/9,30,20,0.02,0.0,-8.059945399183999,375,1.73534144315469,-4.301756538148571,130
ETH-USD,1h,8/24/9,30,30,0.015,0.0,-8.135903167536906,375,1.7004320092073044,-4.299067686814428,130
ETH-USD,1h,8/24/9,30,30,0.02,0.0,-7.999434062111488,375,1.7680739782392279,-4.299752724668215,130
ETH-USD,1h,8/26/9,20,20,0.015,0.0,-6.593265216527422,686,1.1609794584253814,-6.211724492626769,280
ETH-USD,1h,8/26/9,20,20,0.02,0.0,-6.689004411063371,686,1.2374501532533373,-6.243302283948394,280
ETH-USD,1h,8/26/9,20,30,0.015,0.0,-6.679216060723558,686,1.2046451446005384,-6.240938769686477,280
ETH-USD,1h,8/26/9,20,30,0.02,0.0,-6.690861494310008,686,1.283380474614225,-6.245327482657414,280
ETH-USD,1h,8/26/9,25,20,0.015,0.22944450067652394,-8.490856483355048,498,1.9693988709616326,-6.579924459682118,188
ETH-USD,1h,8/26/9,25,20,0.02,0.24859951362831154,-8.42833180480158,498,2.0141403829224314,-6.58343179599008,188
ETH-USD,1h,8/26/9,25,30,0.015,0.23426404227600844,-8.449912937726388,498,1.9979927034133278,-6.583001223202589,188
ETH-USD,1h,8/26/9,25,30,0.02,0.24620384314435562,-8.445358763783794,498,2.037459146539768,-6.586103423484413,188
ETH-USD,1h,8/26/9,30,20,0.015,0.018915329276026314,-7.216027889422271,369,1.5901220447684616,-4.406289934930618,129
ETH-USD,1h,8/26/9,30,20,0.02,0.034820219809267534,-7.158725025908219,369,1.6892948792071423,-4.403160758975444,129
ETH-USD,1h,8/26/9,30,30,0.015,0.02683063869790732,-7.1969275572177915,369,1.653909700122835,-4.406772658978808,129
ETH-USD,1h,8/26/9,30,30,0.02,0.04025784044487956,-7.170574839270705,369,1.722347248351599,-4.4067509258704725,129
ETH-USD,1h,12/24/9,20,20,0.015,0.0,-9.596702061829365,584,1.423491977022727,-5.286364677810518,239
ETH-USD,1h,12/24/9,20,20,0.02,0.0,-9.571765504800622,584,1.4778412413324764,-5.391648631238999,239
ETH-USD,1h,12/24/9,20,30,0.015,0.0,-9.52846167376804,584,1.456755488647022,-5.362771770480334,239
ETH-USD,1h,12/24/9,20,30,0.02,0.0,-9.552495930874317,584,1.5103960907550242,-5.391293419757492,239
ETH-USD,1h,12/24/9,25,20,0.015,0.6380212111152308,-7.378604077042161,422,1.5071933759518243,-6.482315139873263,166
ETH-USD,1h,12/24/9,25,20,0.02,0.6562400912521096,-7.29014676125872,422,1.5553667757651322,-6.481160978051925,166
ETH-USD,1h,12/24/9,25,30,0.015,0.6444191645607142,-7.330056954352848,422,1.539296892316988,-6.479496612190605,166
ETH-USD,1h,12/24/9,25,30,0.02,0.6650932806110781,-7.234929902309317,422,1.5790176418426483,-6.480325872527148,166
ETH-USD,1h,12/24/9,30,20,0.015,0.1933620554320623,-7.532858334617143,324,2.295152304475858,-4.89582273794097,118
ETH-USD,1h,12/24/9,30,20,0.02,0.20501333954862708,-7.485659337610551,324,2.3529818037305223,-4.892589880478681,118
ETH-USD,1h,12/24/9,30,30,0.015,0.20039822351095335,-7.501005514356873,324,2.3288200060367688,-4.896720558712165,118
ETH-USD,1h,12/24/9,30,30,0.02,0.2172710291476461,-7.429715723842412,324,2.368722835428205,-4.893897444527806,118
ETH-USD,1h,12/26/9,20,20,0.015,0.11903594710416979,-9.235609681929269,556,0.990484232275633,-6.401364406225952,248
ETH-USD,1h,12/26/9,20,20,0.02,0.10484319453853329,-9.210745152140298,556,1.0612679727931116,-6.504306077195099,248
ETH-USD,1h,12/26/9,20,30,0.015,0.1265372351094368,-9.16899232256535,556,1.0321596759245366,-6.4755500439470755,248
ETH-USD,1h,12/26/9,20,30,0.02,0.1155913689529075,-9.193479058526721,556,1.1021454826115935,-6.5006784546202905,248
ETH-USD,1h,12/26/9,25,20,0.015,0.682476604360636,-7.404062055786098,402,1.0640555376400993,-6.848477686597231,168
ETH-USD,1h,12/26/9,25,20,0.02,0.6992185189789509,-7.318943995262172,402,1.1223299985544355,-6.849248356471538,168
ETH-USD,1h,12/26/9,25,30,0.015,0.6896481236704599,-7.354498967892409,402,1.0994855150883394,-6.852598208855454,168
ETH-USD,1h,12/26/9,25,30,0.02,0.7069077257248844,-7.2656391828215705,402,1.1510678763034512,-6.855802571842284,168
ETH-USD,1h,12/26/9,30,20,0.015,0.3099666799466985,-7.390407050926939,304,1.996261071497047,-4.779925845738542,115
ETH-USD,1h,12/26/9,30,20,0.02,0.32086208712263226,-7.338916838713672,304,2.0573156562308585,-4.780722506180835,115
ETH-USD,1h,12/26/9,30,30,0.015,0.3167832108287733,-7.357151456391797,304,2.0352844070223606,-4.774383866472231,115
ETH-USD,1h,12/26/9,30,30,0.02,0.3326325803830277,-7.281929608781201,304,2.080604673883336,-4.778129483974025,115
ETH-USD,4h,8/24/9,20,20,0.015,0.0,-6.585788748717835,165,0.0,-7.334098954913005,63
ETH-USD,4h,8/24/9,20,20,0.02,0.0,-6.7616822923381115,165,0.0,-8.209665104231611,63
ETH-USD,4h,8/24/9,20,30,0.015,0.0,-6.841631404273418,165,0.0,-7.216834104345072,63
ETH-USD,4h,8/24/9,20,30,0.02,0.0,-6.832048506453637,165,0.0,-8.155824771464538,63
ETH-USD,4h,8/24/9,25,20,0.015,0.0,-10.955404829686422,127,0.0,-6.723007592269081,45
ETH-USD,4h,8/24/9,25,20,0.02,0.0,-11.179962808722266,127,0.0,-7.977140625953827,45
ETH-USD,4h,8/24/9,25,30,0.015,0.0,-10.986001851976546,127,0.0,-7.292354156397074,45
ETH-USD,4h,8/24/9,25,30,0.02,0.0,-11.211960832133027,127,0.0,-8.169301642237347,45
ETH-USD,4h,8/24/9,30,20,0.015,0.0,-12.170172406882063,92,1.6843526045877397,-2.436428044493344,31
ETH-USD,4h,8/24/9,30,20,0.02,0.0,-12.577636774743816,92,1.5085866686097054,-3.1375020826355016,31
ETH-USD,4h,8/24/9,30,30,0.015,0.0,-12.389786690641092,92,1.7223508229085358,-2.6520453404461297,31
ETH-USD,4h,8/24/9,30,30,0.02,0.0,-12.69026621494157,92,1.504111593333248,-3.3700972603927126,31
ETH-USD,4h,8/26/9,20,20,0.015,0.0,-5.19894854217795,159,0.0,-6.808743471157297,61
ETH-USD,4h,8/26/9,20,20,0.02,0.0,-5.43156356978356,159,0.0,-7.576508947061877,61
ETH-USD,4h,8/26/9,20,30,0.015,0.0,-5.5271151276606645,159,0.0,-6.666594076625065,61
ETH-USD,4h,8/26/9,20,30,0.02,0.0,-5.502470499195211,159,0.0,-7.492565890733138,61
ETH-USD,4h,8/26/9,25,20,0.015,0.0,-9.839780808956922,123,0.1445252583743414,-6.448511700443838,42
ETH-USD,4h,8/26/9,25,20,0.02,0.0,-10.155277338029522,123,0.0007067991934867262,-7.601544246322856,42
ETH-USD,4h,8/26/9,25,30,0.015,0.0,-10.00490952050297,123,0.08962712498608551,-7.002988211752359,42
ETH-USD,4h,8/26/9,25,30,0.02,0.0,-10.09110822037329,123,0.0,-7.780926286205125,42
ETH-USD,4h,8/26/9,30,20,0.015,0.0,-11.083988763319608,88,1.7959348753067943,-2.206485954158055,29
ETH-USD,4h,8/26/9,30,20,0.02,0.0,-11.493193765053999,88,1.619573627991094,-2.7635973092518196,29
ETH-USD,4h,8/26/9,30,30,0.015,0.0,-11.368656761936514,88,1.8200581439470838,-2.318336477598626,29
ETH-USD,4h,8/26/9,30,30,0.02,0.0,-11.619033749196916,88,1.6083350198492652,-2.9585749991930976,29
ETH-USD,4h,12/24/9,20,20,0.015,0.179596523474605,-5.417152275929949,141,0.46588904918503965,-4.399151170762727,52
ETH-USD,4h,12/24/9,20,20,0.02,0.0975467794392051,-5.802988823023014,141,0.38009389964273427,-5.263013040132547,52
ETH-USD,4h,12/24/9,20,30,0.015,0.09691780599953595,-5.719665469927804,141,0.5101774889727432,-4.836045197663552,52
ETH-USD,4h,12/24/9,20,30,0.02,0.09257592327947022,-5.927782810030957,141,0.4410638635630814,-5.114025508233699,52
ETH-USD,4h,12/24/9,25,20,0.015,0.0,-7.267105450136524,104,0.5806450033721855,-4.384860999445895,36
ETH-USD,4h,12/24/9,25,20,0.02,0.0,-7.602356038540991,104,0.4379431515002159,-5.32688789286847,36
ETH-USD,4h,12/24/9,25,30,0.015,0.0,-7.3988526272602995,104,0.5013883399147171,-4.833919198645853,36
ETH-USD,4h,12/24/9,25,30,0.02,0.0,-7.6589195938545735,104,0.4220235709031519,-5.371315523563336,36
ETH-USD,4h,12/24/9,30,20,0.015,0.0,-10.604695856797285,75,2.585409306490466,-2.172838102094421,25
ETH-USD,4h,12/24/9,30,20,0.02,0.0,-11.059048487067525,75,2.372685829020104,-2.792269667958236,25
ETH-USD,4h,12/24/9,30,30,0.015,0.0,-10.791514594561324,75,2.5758596081767875,-2.3542130044615583,25
ETH-USD,4h,12/24/9,30,30,0.02,0.0,-11.175811506707667,75,2.327928065720605,-2.9807850804639546,25
ETH-USD,4h,12/26/9,20,20,0.015,0.4012772739481947,-5.381788334914672,149,0.08814159849217786,-5.802057487491819,46
ETH-USD,4h,12/26/9,20,20,0.02,0.32402321378220617,-5.7758604110351826,149,0.038650459322881525,-6.526390188487518,46
ETH-USD,4h,12/26/9,20,30,0.015,0.3184998464034092,-5.733087267836479,149,0.15488002407467852,-5.769220446037648,46
ETH-USD,4h,12/26/9,20,30,0.02,0.3128980412805011,-5.912698669911176,149,0.09061630545067192,-6.422376963223019,46
ETH-USD,4h,12/26/9,25,20,0.015,0.0,-7.402011909303319,111,0.14323995782374727,-5.731120628910979,32
ETH-USD,4h,12/26/9,25,20,0.02,0.0,-7.649547324113993,111,0.024738999491269197,-6.749503467828067,32
ETH-USD,4h,12/26/9,25,30,0.015,0.0,-7.450127333963219,111,0.09002090150331336,-6.1821149953895755,32
ETH-USD,4h,12/26/9,25,30,0.02,0.0,-7.624230359965711,111,0.0,-6.95500767374978,32
ETH-USD,4h,12/26/9,30,20,0.015,0.0,-10.344661992914562,79,2.2649237009996037,-1.90977553729893,21
ETH-USD,4h,12/26/9,30,20,0.02,0.0,-10.704719426945896,79,2.111968254610477,-2.4939406298906897,21
ETH-USD,4h,12/26/9,30,30,0.015,0.0,-10.455735708930703,79,2.273922716286562,-2.0719860447703353,21
ETH-USD,4h,12/26/9,30,30,0.02,0.0,-10.815235812855938,79,2.060661804865667,-2.6830161844189293,21
SOL-USD,1h,8/24/9,20,20,0.015,0.0,-25.171167014722585,725,0.3101032446349373,-5.887409379752784,300
SOL-USD,1h,8/24/9,20,20,0.02,0.0,-26.452092890258783,725,0.3527508177865027,-5.887378007622801,300
SOL-USD,1h,8/24/9,20,30,0.015,0.0,-25.79461470845158,725,0.3733380346718698,-5.887368265117033,300
SOL-USD,1h,8/24/9,20,30,0.02,0.0,-26.641387434627294,725,0.3823324816757035,-5.887578650738867,300
SOL-USD,1h,8/24/9,25,20,0.015,0.0,-24.176939211200455,532,0.009311277671502416,-6.867985275897281,239
SOL-USD,1h,8/24/9,25,20,0.02,0.0,-25.54952783575679,532,0.006676692422015945,-6.867749286259672,239
SOL-USD,1h,8/24/9,25,30,0.015,0.0,-24.968450630047645,532,0.07468224466486427,-6.867954575808188,239
SOL-USD,1h,8/24/9,25,30,0.02,0.0,-25.750843471081097,532,0.032160364627269754,-6.867633392574746,239
SOL-USD,1h,8/24/9,30,20,0.015,0.0,-24.824022761943965,371,0.0,-8.624746124859096,162
SOL-USD,1h,8/24/9,30,20,0.02,0.0,-27.129889591965462,371,0.0,-8.334410102825574,162
SOL-USD,1h,8/24/9,30,30,0.015,0.0,-25.53005781188539,371,0.0,-8.343703615924591,162
SOL-USD,1h,8/24/9,30,30,0.02,0.0,-27.54630195141674,371,0.0,-8.334019842932417,162
SOL-USD,1h,8/26/9,20,20,0.015,0.0,-27.585714935766916,714,0.39762599548181676,-5.7255191127509875,298
SOL-USD,1h,8/26/9,20,20,0.02,0.0,-28.579718042590052,714,0.437774589393597,-5.725537043560436,298
SOL-USD,1h,8/26/9,20,30,0.015,0.0,-28.060995971255277,714,0.4596247854286031,-5.7255889646825375,298
SOL-USD,1h,8/26/9,20,30,0.02,0.0,-28.660560428057057,714,0.4660181167680545,-5.725427287326868,298
SOL-USD,1h,8/26/9,25,20,0.015,0.0,-26.787036495381265,527,0.3882299810855887,-5.511598029429754,230
SOL-USD,1h,8/26/9,25,20,0.02,0.0,-28.18059188762274,527,0.3712655951291846,-5.51162960831566,230
SOL-USD,1h,8/26/9,25,30,0.015,0.0,-27.542384989887893,527,0.44797201079324056,-5.51118892768968,230
SOL-USD,1h,8/26/9,25,30,0.02,0.0,-28.42902450113771,527,0.39255812041643545,-5.511439250170458,230
SOL-USD,1h,8/26/9,30,20,0.015,0.0,-22.818953174290336,371,0.0,-8.231570595053627,155
SOL-USD,1h,8/26/9,30,20,0.02,0.0,-25.11236120855206,371,0.0,-7.9400887555094,155
SOL-USD,1h,8/26/9,30,30,0.015,0.0,-23.51282047969917,371,0.0,-7.948783520939074,155
SOL-USD,1h,8/26/9,30,30,0.02,0.0,-25.453596645904362,371,0.0,-7.93973387876351,155
SOL-USD,1h,12/24/9,20,20,0.015,0.0,-30.711132563598408,603,0.0,-5.467071929800427,261
SOL-USD,1h,12/24/9,20,20,0.02,0.0,-32.45431473635073,603,0.0,-5.467182720613895,261
SOL-USD,1h,12/24/9,20,30,0.015,0.0,-31.418249831508817,603,0.0,-5.467136318645627,261
SOL-USD,1h,12/24/9,20,30,0.02,0.0,-32.66820646135322,603,0.0,-5.467106378216857,261
SOL-USD,1h,12/24/9,25,20,0.015,0.0,-26.742608257394263,448,0.0,-6.309429896873664,206
SOL-USD,1h,12/24/9,25,20,0.02,0.0,-28.53281756204157,448,0.0,-6.184360466713546,206
SOL-USD,1h,12/24/9,25,30,0.015,0.0,-27.631675981020308,448,0.0,-6.1478232018655765,206
SOL-USD,1h,12/24/9,25,30,0.02,0.0,-28.82494091673283,448,0.0,-6.257824029562675,206
SOL-USD,1h,12/24/9,30,20,0.015,0.0,-20.43566507357115,309,0.0,-10.170953718622677,143
SOL-USD,1h,12/24/9,30,20,0.02,0.0,-22.635323233063954,309,0.0,-9.889963976978965,143
SOL-USD,1h,12/24/9,30,30,0.015,0.0,-21.356474796478764,309,0.0,-9.889996609773622,143
SOL-USD,1h,12/24/9,30,30,0.02,0.0,-23.281533223871186,309,0.0,-9.890078552982528,143
SOL-USD,1h,12/26/9,20,20,0.015,0.0,-31.16458122213064,591,0.0,-5.861444804598559,257
SOL-USD,1h,12/26/9,20,20,0.02,0.0,-32.8803429636695,591,0.0,-5.861201081967082,257
SOL-USD,1h,12/26/9,20,30,0.015,0.0,-31.88859211729126,591,0.0,-5.861347888346902,257
SOL-USD,1h,12/26/9,20,30,0.02,0.0,-33.10543751860857,591,0.0,-5.861124241593963,257
SOL-USD,1h,12/26/9,25,20,0.015,0.0,-27.87214536116649,444,0.0,-6.995745754156069,203
SOL-USD,1h,12/26/9,25,20,0.02,0.0,-29.442759882366587,444,0.0,-6.834339441689307,203
SOL-USD,1h,12/26/9,25,30,0.015,0.0,-28.7699413190615,444,0.0,-6.879147945029695,203
SOL-USD,1h,12/26/9,25,30,0.02,0.0,-29.791349379644927,444,0.0,-6.905884039343702,203
SOL-USD,1h,12/26/9,30,20,0.015,0.0,-23.256704551087694,308,0.0,-10.044464069783732,141
SOL-USD,1h,12/26/9,30,20,0.02,0.0,-25.41299755886254,308,0.0,-9.698270404110609,141
SOL-USD,1h,12/26/9,30,30,0.015,0.0,-24.12149536152234,308,0.0,-9.809952987852677,141
SOL-USD,1h,12/26/9,30,30,0.02,0.0,-26.043061023945114,308,0.0,-9.698104779235106,141
SOL-USD,4h,8/24/9,20,20,0.015,0.0,-9.60090559971658,193,0.44343772460993924,-3.0812164834122413,65
SOL-USD,4h,8/24/9,20,20,0.02,0.0,-11.914661088844468,193,0.320617302577395,-3.1273765775601037,65
SOL-USD,4h,8/24/9,20,30,0.015,0.0,-9.483697257233214,193,0.5232345716675586,-3.0597230075938953,65
SOL-USD,4h,8/24/9,20,30,0.02,0.0,-11.534188161931302,193,0.29589772383271323,-3.127379548021636,65
SOL-USD,4h,8/24/9,25,20,0.015,0.0,-14.080962990735513,148,0.0,-6.523731937157484,49
SOL-USD,4h,8/24/9,25,20,0.02,0.0,-16.952830793276842,148,0.0,-6.419303800525578,49
SOL-USD,4h,8/24/9,25,30,0.015,0.0,-13.301642235838795,148,0.0,-6.265513644862287,49
SOL-USD,4h,8/24/9,25,30,0.02,0.0,-16.24472160530609,148,0.0,-6.271119847692363,49
SOL-USD,4h,8/24/9,30,20,0.015,0.16730172793307613,-7.922985392187787,105,0.0,-4.184314447036042,36
SOL-USD,4h,8/24/9,30,20,0.02,0.11723356650388599,-8.532193744553929,105,0.0,-4.26148272360154,36
SOL-USD,4h,8/24/9,30,30,0.015,0.09476452142834751,-7.691290418505103,105,0.0,-4.201653165467468,36
SOL-USD,4h,8/24/9,30,30,0.02,0.06497826595782985,-8.582595163902552,105,0.0,-4.277337037416185,36
SOL-USD,4h,8/26/9,20,20,0.015,0.15203464904511052,-9.885772852316121,192,0.11562777994215093,-3.506421161270168,67
SOL-USD,4h,8/26/9,20,20,0.02,0.0,-12.239537579092596,192,0.0,-3.9720463791830363,67
SOL-USD,4h,8/26/9,20,30,0.015,0.1183212840295798,-9.783361857506922,192,0.14024134422028828,-3.503693554023568,67
SOL-USD,4h,8/26/9,20,30,0.02,0.0,-11.79955876248412,192,0.0,-4.144612067149966,67
SOL-USD,4h,8/26/9,25,20,0.015,0.0,-14.486305289553824,150,0.0,-6.489950889887952,51
SOL-USD,4h,8/26/9,25,20,0.02,0.0,-17.91636967603123,150,0.0,-6.595615464529169,51
SOL-USD,4h,8/26/9,25,30,0.015,0.0,-13.942073568210034,150,0.0,-6.284945021974897,51
SOL-USD,4h,8/26/9,25,30,0.02,0.0,-17.521184233314614,150,0.0,-6.681132000697698,51
SOL-USD,4h,8/26/9,30,20,0.015,0.0,-8.244101588570707,107,0.0,-4.113471424003457,38
SOL-USD,4h,8/26/9,30,20,0.02,0.0,-8.891664010698076,107,0.0,-4.780191339735829,38
SOL-USD,4h,8/26/9,30,30,0.015,0.0,-8.007501390333239,107,0.0,-4.324507528919241,38
SOL-USD,4h,8/26/9,30,30,0.02,0.0,-8.94242775680315,107,0.0,-5.132679924691175,38
SOL-USD,4h,12/24/9,20,20,0.015,0.0,-13.33718876539236,173,0.49718709248056797,-2.9587838670764754,57
SOL-USD,4h,12/24/9,20,20,0.02,0.0,-15.803893019009617,173,0.41494164164183517,-3.250473496746642,57
SOL-USD,4h,12/24/9,20,30,0.015,0.0,-12.800418429970717,173,0.5751881527737506,-2.9744950708118445,57
SOL-USD,4h,12/24/9,20,30,0.02,0.0,-15.107424583908614,173,0.41075628524914726,-3.4163271088195057,57
SOL-USD,4h,12/24/9,25,20,0.015,0.0,-18.222409184067455,146,0.0,-5.575696982952028,40
SOL-USD,4h,12/24/9,25,20,0.02,0.0,-21.109889722562023,146,0.0,-5.4814270745616405,40
SOL-USD,4h,12/24/9,25,30,0.015,0.0,-17.451210561021924,146,0.0,-5.4016304369499775,40
SOL-USD,4h,12/24/9,25,30,0.02,0.0,-20.673277033873816,146,0.0,-5.426515907107232,40
SOL-USD,4h,12/24/9,30,20,0.015,0.0,-10.354426406241812,112,0.24606950648529188,-4.169252503422904,29
SOL-USD,4h,12/24/9,30,20,0.02,0.0,-11.213457019159623,112,0.2270731137816534,-4.305610994267628,29
SOL-USD,4h,12/24/9,30,30,0.015,0.0,-10.791265553252439,112,0.23816588035805267,-4.305313520381082,29
SOL-USD,4h,12/24/9,30,30,0.02,0.0,-12.103407168432657,112,0.13851863670029832,-4.305360395329327,29
SOL-USD,4h,12/26/9,20,20,0.015,0.0,-14.027319101725432,168,0.0,-3.996115312635462,59
SOL-USD,4h,12/26/9,20,20,0.02,0.0,-16.456979078310617,168,0.0,-4.640626688622795,59
SOL-USD,4h,12/26/9,20,30,0.015,0.0,-13.515558854827358,168,0.08247775947920372,-4.022228836003361,59
SOL-USD,4h,12/26/9,20,30,0.02,0.0,-15.793556400296627,168,0.0,-4.704891269139555,59
SOL-USD,4h,12/26/9,25,20,0.015,0.0,-18.668829537844587,140,0.0,-5.754194627522247,43
SOL-USD,4h,12/26/9,25,20,0.02,0.0,-21.748289839139158,140,0.0,-5.886706746666082,43
SOL-USD,4h,12/26/9,25,30,0.015,0.0,-18.050073266068978,140,0.0,-5.759602442585132,43
SOL-USD,4h,12/26/9,25,30,0.02,0.0,-21.43164611338646,140,0.0,-6.228022989321613,43
SOL-USD,4h,12/26/9,30,20,0.015,0.0,-10.809105430051035,110,0.15778881079248802,-4.16937375342421,33
SOL-USD,4h,12/26/9,30,20,0.02,0.0,-11.693958146314687,110,0.13386021868465048,-4.305462278815487,33
SOL-USD,4h,12/26/9,30,30,0.015,0.0,-11.294981721332098,110,0.15113730098957343,-4.3055065083471895,33
SOL-USD,4h,12/26/9,30,30,0.02,0.0,-12.66474031266176,110,0.0541361071109612,-4.30525736556292,33
